INSERT INTO teams (id, name, record_update_time) VALUES ('6485dsljs', 'tanaka', '2019-03-01 10:00:00');

INSERT INTO users (id, name, age, mail_address, gender, occupation, record_update_time) VALUES ('seiya545l', 'seiya', '28', 'hoge@hoge.com', 1, 'SE', '2019-03-01 10:00:00');
INSERT INTO users (id, name, age, mail_address, gender, occupation, record_update_time) VALUES ('natsuki878455', 'natsuki', '28', 'huga@hoge.com', 2, 'Sales', '2019-04-01 10:00:00');

INSERT INTO participations (id, team_id, user_id, authority, record_update_time) VALUES ('isje5454', '6485dsljs', 'seiya545l', 1, '2019-03-01 11:00:00');
INSERT INTO participations (id, team_id, user_id, authority, record_update_time) VALUES ('armuhme44', '6485dsljs', 'natsuki878455', 0, '2019-03-01 11:00:00');

INSERT INTO houseworks (id, name, color, team_id, record_update_time) VALUES ('toile26uki', 'toile', 12, '6485dsljs', '2020-03-01 11:01:00');
INSERT INTO houseworks (id, name, color, team_id, record_update_time) VALUES ('yukai87i', 'yuka', 18, '6485dsljs', '2020-03-01 11:02:00');
INSERT INTO houseworks (id, name, color, team_id, record_update_time) VALUES ('gomi87lgu', 'gomidashi', 8, '6485dsljs', '2020-03-01 11:03:00');

INSERT INTO housework_recordes (id, housework_id, user_id, stress, housework_start, housework_end, record_update_time) VALUES ('otkk85l', 'toile26uki', 'seiya545l', 20, '2022-04-01 10:00:00', '2022-04-01 10:30:00', '2022-05-01 10:30:00');
INSERT INTO housework_recordes (id, housework_id, user_id, stress, housework_start, housework_end, record_update_time) VALUES ('osldji7', 'yukai87i', 'seiya545l', 58, '2022-04-01 11:00:00', '2022-04-01 11:15:45', '2022-05-01 10:30:00');
INSERT INTO housework_recordes (id, housework_id, user_id, stress, housework_start, housework_end, record_update_time) VALUES ('pekoukoo4', 'gomi87lgu', 'natsuki878455', 10, '2022-04-01 11:00:00', '2022-04-01 11:02:15', '2022-05-01 10:30:00');
INSERT INTO housework_recordes (id, housework_id, user_id, stress, housework_start, housework_end, record_update_time) VALUES ('qounti', 'gomi87lgu', 'seiya545l', 45, '2022-04-01 11:45:00', '2022-04-01 11:46:03', '2022-05-01 10:30:00');
INSERT INTO housework_recordes (id, housework_id, user_id, stress, housework_start, housework_end, record_update_time) VALUES ('elkjij4', 'toile26uki', 'seiya545l', 20, '2022-04-02 11:00:00', '2022-04-02 11:15:22', '2022-05-01 10:30:00');
INSERT INTO housework_recordes (id, housework_id, user_id, stress, housework_start, housework_end, record_update_time) VALUES ('rkuee88', 'toile26uki', 'seiya545l', 20, '2022-04-03 11:00:00', '2022-04-03 11:15:45', '2022-05-01 10:30:00');
INSERT INTO housework_recordes (id, housework_id, user_id, stress, housework_start, housework_end, record_update_time) VALUES ('aleibyk', 'toile26uki', 'seiya545l', 20, '2022-04-04 11:00:00', '2022-04-04 11:15:45', '2022-05-01 10:30:00');
INSERT INTO housework_recordes (id, housework_id, user_id, stress, housework_start, housework_end, record_update_time) VALUES ('corgnf', 'toile26uki', 'seiya545l', 20, '2022-04-05 11:00:00', '2022-04-05 11:15:45', '2022-05-01 10:30:00');
INSERT INTO housework_recordes (id, housework_id, user_id, stress, housework_start, housework_end, record_update_time) VALUES ('dtltirl', 'toile26uki', 'seiya545l', 20, '2022-04-06 11:00:00', '2022-04-06 11:15:45', '2022-05-01 10:30:00');
INSERT INTO housework_recordes (id, housework_id, user_id, stress, housework_start, housework_end, record_update_time) VALUES ('eilai54o', 'toile26uki', 'seiya545l', 20, '2022-04-13 11:00:00', '2022-04-13 11:15:45', '2022-05-01 10:30:00');
INSERT INTO housework_recordes (id, housework_id, user_id, stress, housework_start, housework_end, record_update_time) VALUES ('fyekei52', 'toile26uki', 'seiya545l', 20, '2022-04-14 11:00:00', '2022-04-14 11:15:45', '2022-05-01 10:30:00');
INSERT INTO housework_recordes (id, housework_id, user_id, stress, housework_start, housework_end, record_update_time) VALUES ('gleig7', 'toile26uki', 'seiya545l', 20, '2022-04-15 11:00:00', '2022-04-15 11:15:45', '2022-05-01 10:30:00');
INSERT INTO housework_recordes (id, housework_id, user_id, stress, housework_start, housework_end, record_update_time) VALUES ('huy6jj8', 'toile26uki', 'seiya545l', 20, '2022-04-25 11:00:00', '2022-04-25 11:15:45', '2022-05-01 10:30:00');
INSERT INTO housework_recordes (id, housework_id, user_id, stress, housework_start, housework_end, record_update_time) VALUES ('ilue87', 'toile26uki', 'seiya545l', 20, '2022-05-03 11:00:00', '2022-05-03 11:15:45', '2022-05-01 10:30:00');
INSERT INTO housework_recordes (id, housework_id, user_id, stress, housework_start, housework_end, record_update_time) VALUES ('jleo95', 'toile26uki', 'seiya545l', 20, '2022-05-04 11:00:00', '2022-05-04 11:15:45', '2022-05-01 10:30:00');
INSERT INTO housework_recordes (id, housework_id, user_id, stress, housework_start, housework_end, record_update_time) VALUES ('kcumi87', 'toile26uki', 'seiya545l', 20, '2022-05-05 11:00:00', '2022-05-05 11:15:45', '2022-05-01 10:30:00');



